Site,XS,VegXS,hec_station,hec_topo
Elkhead Creek 1,Elkhead Creek 1_XS154.4,VegXS,0,498.393
Elkhead Creek 1,Elkhead Creek 1_XS154.4,VegXS,4.339,497.917
Elkhead Creek 1,Elkhead Creek 1_XS154.4,VegXS,11.017,496.593
Elkhead Creek 1,Elkhead Creek 1_XS154.4,VegXS,11.802,496.147
Elkhead Creek 1,Elkhead Creek 1_XS154.4,VegXS,12.413,495.881
Elkhead Creek 1,Elkhead Creek 1_XS154.4,VegXS,12.845,495.641
Elkhead Creek 1,Elkhead Creek 1_XS154.4,VegXS,13.281,495.477
Elkhead Creek 1,Elkhead Creek 1_XS154.4,VegXS,14.026,495.365
Elkhead Creek 1,Elkhead Creek 1_XS154.4,VegXS,14.505,494.948
Elkhead Creek 1,Elkhead Creek 1_XS154.4,VegXS,14.941,494.674
Elkhead Creek 1,Elkhead Creek 1_XS154.4,VegXS,15.305,494.45
Elkhead Creek 1,Elkhead Creek 1_XS154.4,VegXS,15.384,494.372
Elkhead Creek 1,Elkhead Creek 1_XS154.4,VegXS,15.644,494.157
Elkhead Creek 1,Elkhead Creek 1_XS154.4,VegXS,15.848,493.972
Elkhead Creek 1,Elkhead Creek 1_XS154.4,VegXS,16.306,493.821
Elkhead Creek 1,Elkhead Creek 1_XS154.4,VegXS,17.008,493.729
Elkhead Creek 1,Elkhead Creek 1_XS154.4,VegXS,17.385,493.642
Elkhead Creek 1,Elkhead Creek 1_XS154.4,VegXS,17.947,493.678
Elkhead Creek 1,Elkhead Creek 1_XS154.4,VegXS,18.649,493.709
Elkhead Creek 1,Elkhead Creek 1_XS154.4,VegXS,19.129,493.59
Elkhead Creek 1,Elkhead Creek 1_XS154.4,VegXS,19.55,493.577
Elkhead Creek 1,Elkhead Creek 1_XS154.4,VegXS,20.324,493.752
Elkhead Creek 1,Elkhead Creek 1_XS154.4,VegXS,21.18,493.929
Elkhead Creek 1,Elkhead Creek 1_XS154.4,VegXS,21.96,494.034
Elkhead Creek 1,Elkhead Creek 1_XS154.4,VegXS,22.24,494.152
Elkhead Creek 1,Elkhead Creek 1_XS154.4,VegXS,22.44,494.418
Elkhead Creek 1,Elkhead Creek 1_XS154.4,VegXS,22.991,494.613
Elkhead Creek 1,Elkhead Creek 1_XS154.4,VegXS,23.422,494.687
Elkhead Creek 1,Elkhead Creek 1_XS154.4,VegXS,24.9,494.982
Elkhead Creek 1,Elkhead Creek 1_XS154.4,VegXS,26.103,495.049
Elkhead Creek 1,Elkhead Creek 1_XS154.4,VegXS,28.272,495.586
Elkhead Creek 1,Elkhead Creek 1_XS154.4,VegXS,28.965,496.096
Elkhead Creek 1,Elkhead Creek 1_XS154.4,VegXS,29.384,496.389
Elkhead Creek 1,Elkhead Creek 1_XS154.4,VegXS,31.26,497.756
Elkhead Creek 1,Elkhead Creek 1_XS154.4,VegXS,36.884,499.532
Elkhead Creek 1,Elkhead Creek 1_XS154.4,VegXS,42.832,500.846
Elkhead Creek 1,Elkhead Creek 1_XS144.1,VegXS,0,499.777
Elkhead Creek 1,Elkhead Creek 1_XS144.1,VegXS,14.461,498.905
Elkhead Creek 1,Elkhead Creek 1_XS144.1,VegXS,22.865,498.404
Elkhead Creek 1,Elkhead Creek 1_XS144.1,VegXS,28.063,497.741
Elkhead Creek 1,Elkhead Creek 1_XS144.1,VegXS,29.831,497.283
Elkhead Creek 1,Elkhead Creek 1_XS144.1,VegXS,32.565,495.932
Elkhead Creek 1,Elkhead Creek 1_XS144.1,VegXS,33.166,495.595
Elkhead Creek 1,Elkhead Creek 1_XS144.1,VegXS,33.623,495.097
Elkhead Creek 1,Elkhead Creek 1_XS144.1,VegXS,34.069,494.926
Elkhead Creek 1,Elkhead Creek 1_XS144.1,VegXS,34.994,494.806
Elkhead Creek 1,Elkhead Creek 1_XS144.1,VegXS,35.896,494.843
Elkhead Creek 1,Elkhead Creek 1_XS144.1,VegXS,37.101,494.503
Elkhead Creek 1,Elkhead Creek 1_XS144.1,VegXS,37.339,494.15
Elkhead Creek 1,Elkhead Creek 1_XS144.1,VegXS,37.453,493.988
Elkhead Creek 1,Elkhead Creek 1_XS144.1,VegXS,37.94,493.986
Elkhead Creek 1,Elkhead Creek 1_XS144.1,VegXS,38.712,493.9
Elkhead Creek 1,Elkhead Creek 1_XS144.1,VegXS,39.283,493.875
Elkhead Creek 1,Elkhead Creek 1_XS144.1,VegXS,39.969,493.819
Elkhead Creek 1,Elkhead Creek 1_XS144.1,VegXS,40.54,493.767
Elkhead Creek 1,Elkhead Creek 1_XS144.1,VegXS,41.396,493.842
Elkhead Creek 1,Elkhead Creek 1_XS144.1,VegXS,42.128,493.915
Elkhead Creek 1,Elkhead Creek 1_XS144.1,VegXS,42.557,493.976
Elkhead Creek 1,Elkhead Creek 1_XS144.1,VegXS,42.656,494.191
Elkhead Creek 1,Elkhead Creek 1_XS144.1,VegXS,42.769,494.467
Elkhead Creek 1,Elkhead Creek 1_XS144.1,VegXS,43.557,494.609
Elkhead Creek 1,Elkhead Creek 1_XS144.1,VegXS,43.944,494.715
Elkhead Creek 1,Elkhead Creek 1_XS144.1,VegXS,44.23,494.889
Elkhead Creek 1,Elkhead Creek 1_XS144.1,VegXS,46.423,495.097
Elkhead Creek 1,Elkhead Creek 1_XS144.1,VegXS,47.756,495.633
Elkhead Creek 1,Elkhead Creek 1_XS144.1,VegXS,48.208,495.902
Elkhead Creek 1,Elkhead Creek 1_XS144.1,VegXS,50.101,496.615
Elkhead Creek 1,Elkhead Creek 1_XS144.1,VegXS,56.727,499.51
Elkhead Creek 1,Elkhead Creek 1_XS144.1,VegXS,60.635,500.345
Elkhead Creek 1,Elkhead Creek 1_XS130.7,VegXS,0,499.502
Elkhead Creek 1,Elkhead Creek 1_XS130.7,VegXS,8.447,498.977
Elkhead Creek 1,Elkhead Creek 1_XS130.7,VegXS,17.293,498.183
Elkhead Creek 1,Elkhead Creek 1_XS130.7,VegXS,20.434,497.467
Elkhead Creek 1,Elkhead Creek 1_XS130.7,VegXS,22.033,496.49
Elkhead Creek 1,Elkhead Creek 1_XS130.7,VegXS,23.61,496.547
Elkhead Creek 1,Elkhead Creek 1_XS130.7,VegXS,24.91,496.399
Elkhead Creek 1,Elkhead Creek 1_XS130.7,VegXS,25.281,496.14
Elkhead Creek 1,Elkhead Creek 1_XS130.7,VegXS,25.962,495.465
Elkhead Creek 1,Elkhead Creek 1_XS130.7,VegXS,27.336,495.026
Elkhead Creek 1,Elkhead Creek 1_XS130.7,VegXS,28.68,494.914
Elkhead Creek 1,Elkhead Creek 1_XS130.7,VegXS,29.446,494.843
Elkhead Creek 1,Elkhead Creek 1_XS130.7,VegXS,29.728,494.667
Elkhead Creek 1,Elkhead Creek 1_XS130.7,VegXS,30.366,494.34
Elkhead Creek 1,Elkhead Creek 1_XS130.7,VegXS,30.56,494.155
Elkhead Creek 1,Elkhead Creek 1_XS130.7,VegXS,30.817,494.073
Elkhead Creek 1,Elkhead Creek 1_XS130.7,VegXS,31.599,493.955
Elkhead Creek 1,Elkhead Creek 1_XS130.7,VegXS,31.969,494.236
Elkhead Creek 1,Elkhead Creek 1_XS130.7,VegXS,32.635,493.959
Elkhead Creek 1,Elkhead Creek 1_XS130.7,VegXS,32.935,493.888
Elkhead Creek 1,Elkhead Creek 1_XS130.7,VegXS,33.362,493.92
Elkhead Creek 1,Elkhead Creek 1_XS130.7,VegXS,34.259,493.936
Elkhead Creek 1,Elkhead Creek 1_XS130.7,VegXS,34.888,494.038
Elkhead Creek 1,Elkhead Creek 1_XS130.7,VegXS,35.288,494.093
Elkhead Creek 1,Elkhead Creek 1_XS130.7,VegXS,35.528,494.149
Elkhead Creek 1,Elkhead Creek 1_XS130.7,VegXS,35.868,494.358
Elkhead Creek 1,Elkhead Creek 1_XS130.7,VegXS,36.324,494.616
Elkhead Creek 1,Elkhead Creek 1_XS130.7,VegXS,36.649,494.648
Elkhead Creek 1,Elkhead Creek 1_XS130.7,VegXS,37.216,494.523
Elkhead Creek 1,Elkhead Creek 1_XS130.7,VegXS,37.831,494.691
Elkhead Creek 1,Elkhead Creek 1_XS130.7,VegXS,39.698,494.914
Elkhead Creek 1,Elkhead Creek 1_XS130.7,VegXS,40.232,495.399
Elkhead Creek 1,Elkhead Creek 1_XS130.7,VegXS,40.619,495.508
Elkhead Creek 1,Elkhead Creek 1_XS130.7,VegXS,40.861,495.78
Elkhead Creek 1,Elkhead Creek 1_XS130.7,VegXS,42.266,495.948
Elkhead Creek 1,Elkhead Creek 1_XS130.7,VegXS,43.385,496.404
Elkhead Creek 1,Elkhead Creek 1_XS130.7,VegXS,49.153,499.024
Elkhead Creek 1,Elkhead Creek 1_XS130.7,VegXS,54.767,500.458
Elkhead Creek 1,Elkhead Creek 1_XS59,VegXS,0,500.59
Elkhead Creek 1,Elkhead Creek 1_XS59,VegXS,9.91,499.18
Elkhead Creek 1,Elkhead Creek 1_XS59,VegXS,13.85,498.41
Elkhead Creek 1,Elkhead Creek 1_XS59,VegXS,16.61,497.25
Elkhead Creek 1,Elkhead Creek 1_XS59,VegXS,18.83,495.94
Elkhead Creek 1,Elkhead Creek 1_XS59,VegXS,19.07,495.5
Elkhead Creek 1,Elkhead Creek 1_XS59,VegXS,19.37,495.34
Elkhead Creek 1,Elkhead Creek 1_XS59,VegXS,19.66,495.02
Elkhead Creek 1,Elkhead Creek 1_XS59,VegXS,20.69,494.58
Elkhead Creek 1,Elkhead Creek 1_XS59,VegXS,21.33,494.58
Elkhead Creek 1,Elkhead Creek 1_XS59,VegXS,22.5,494.34
Elkhead Creek 1,Elkhead Creek 1_XS59,VegXS,23.62,494.29
Elkhead Creek 1,Elkhead Creek 1_XS59,VegXS,23.86,494.07
Elkhead Creek 1,Elkhead Creek 1_XS59,VegXS,24.48,493.97
Elkhead Creek 1,Elkhead Creek 1_XS59,VegXS,24.97,493.84
Elkhead Creek 1,Elkhead Creek 1_XS59,VegXS,25.49,493.87
Elkhead Creek 1,Elkhead Creek 1_XS59,VegXS,25.9,493.69
Elkhead Creek 1,Elkhead Creek 1_XS59,VegXS,26.42,493.65
Elkhead Creek 1,Elkhead Creek 1_XS59,VegXS,26.81,493.74
Elkhead Creek 1,Elkhead Creek 1_XS59,VegXS,27.15,493.93
Elkhead Creek 1,Elkhead Creek 1_XS59,VegXS,27.6,493.89
Elkhead Creek 1,Elkhead Creek 1_XS59,VegXS,27.98,494.07
Elkhead Creek 1,Elkhead Creek 1_XS59,VegXS,28.37,494.35
Elkhead Creek 1,Elkhead Creek 1_XS59,VegXS,29.05,494.58
Elkhead Creek 1,Elkhead Creek 1_XS59,VegXS,29.64,494.7
Elkhead Creek 1,Elkhead Creek 1_XS59,VegXS,30.67,495.11
Elkhead Creek 1,Elkhead Creek 1_XS59,VegXS,32.04,495.47
Elkhead Creek 1,Elkhead Creek 1_XS59,VegXS,33.13,495.92
Elkhead Creek 1,Elkhead Creek 1_XS59,VegXS,36.51,496.54
Elkhead Creek 1,Elkhead Creek 1_XS59,VegXS,44.76,497.85
Elkhead Creek 1,Elkhead Creek 1_XS59,VegXS,54.48,500.4
Elkhead Creek 1,Elkhead Creek 1_XS59,VegXS,63,501.48
Elkhead Creek 1,Elkhead Creek 1_XS50.5,VegXS,0,500.84
Elkhead Creek 1,Elkhead Creek 1_XS50.5,VegXS,6.91,500.09
Elkhead Creek 1,Elkhead Creek 1_XS50.5,VegXS,11.9,498.9
Elkhead Creek 1,Elkhead Creek 1_XS50.5,VegXS,17.47,496.93
Elkhead Creek 1,Elkhead Creek 1_XS50.5,VegXS,21.84,495.56
Elkhead Creek 1,Elkhead Creek 1_XS50.5,VegXS,22.58,495.09
Elkhead Creek 1,Elkhead Creek 1_XS50.5,VegXS,23.91,494.9
Elkhead Creek 1,Elkhead Creek 1_XS50.5,VegXS,24.63,494.6
Elkhead Creek 1,Elkhead Creek 1_XS50.5,VegXS,25.1,494.7
Elkhead Creek 1,Elkhead Creek 1_XS50.5,VegXS,26.02,494.48
Elkhead Creek 1,Elkhead Creek 1_XS50.5,VegXS,26.41,494.21
Elkhead Creek 1,Elkhead Creek 1_XS50.5,VegXS,26.72,494.06
Elkhead Creek 1,Elkhead Creek 1_XS50.5,VegXS,27.1,493.88
Elkhead Creek 1,Elkhead Creek 1_XS50.5,VegXS,27.71,493.83
Elkhead Creek 1,Elkhead Creek 1_XS50.5,VegXS,28.16,493.87
Elkhead Creek 1,Elkhead Creek 1_XS50.5,VegXS,28.47,493.89
Elkhead Creek 1,Elkhead Creek 1_XS50.5,VegXS,28.57,494.04
Elkhead Creek 1,Elkhead Creek 1_XS50.5,VegXS,28.73,493.88
Elkhead Creek 1,Elkhead Creek 1_XS50.5,VegXS,29.29,493.84
Elkhead Creek 1,Elkhead Creek 1_XS50.5,VegXS,29.91,493.8
Elkhead Creek 1,Elkhead Creek 1_XS50.5,VegXS,30.34,493.9
Elkhead Creek 1,Elkhead Creek 1_XS50.5,VegXS,30.89,493.9
Elkhead Creek 1,Elkhead Creek 1_XS50.5,VegXS,31.2,494.01
Elkhead Creek 1,Elkhead Creek 1_XS50.5,VegXS,31.93,494.06
Elkhead Creek 1,Elkhead Creek 1_XS50.5,VegXS,33.05,494.28
Elkhead Creek 1,Elkhead Creek 1_XS50.5,VegXS,33.95,494.61
Elkhead Creek 1,Elkhead Creek 1_XS50.5,VegXS,34.73,495.17
Elkhead Creek 1,Elkhead Creek 1_XS50.5,VegXS,35.9,495.82
Elkhead Creek 1,Elkhead Creek 1_XS50.5,VegXS,37.94,497.4
Elkhead Creek 1,Elkhead Creek 1_XS50.5,VegXS,40.87,498.01
Elkhead Creek 1,Elkhead Creek 1_XS50.5,VegXS,46.05,497.35
Elkhead Creek 1,Elkhead Creek 1_XS50.5,VegXS,52.98,498.1
Elkhead Creek 1,Elkhead Creek 1_XS50.5,VegXS,63.32,500.8
Elkhead Creek 1,Elkhead Creek 1_XS38.9,VegXS,0,499.92
Elkhead Creek 1,Elkhead Creek 1_XS38.9,VegXS,5.33,499.26
Elkhead Creek 1,Elkhead Creek 1_XS38.9,VegXS,9.47,498.27
Elkhead Creek 1,Elkhead Creek 1_XS38.9,VegXS,14.58,496.64
Elkhead Creek 1,Elkhead Creek 1_XS38.9,VegXS,17.88,495.65
Elkhead Creek 1,Elkhead Creek 1_XS38.9,VegXS,19.57,495.22
Elkhead Creek 1,Elkhead Creek 1_XS38.9,VegXS,20.78,494.98
Elkhead Creek 1,Elkhead Creek 1_XS38.9,VegXS,21.58,494.95
Elkhead Creek 1,Elkhead Creek 1_XS38.9,VegXS,22.92,494.82
Elkhead Creek 1,Elkhead Creek 1_XS38.9,VegXS,24.1,494.56
Elkhead Creek 1,Elkhead Creek 1_XS38.9,VegXS,25.01,494.34
Elkhead Creek 1,Elkhead Creek 1_XS38.9,VegXS,25.62,494.05
Elkhead Creek 1,Elkhead Creek 1_XS38.9,VegXS,25.76,493.92
Elkhead Creek 1,Elkhead Creek 1_XS38.9,VegXS,26.25,494.01
Elkhead Creek 1,Elkhead Creek 1_XS38.9,VegXS,26.5,493.9
Elkhead Creek 1,Elkhead Creek 1_XS38.9,VegXS,26.67,494.23
Elkhead Creek 1,Elkhead Creek 1_XS38.9,VegXS,27.23,494.08
Elkhead Creek 1,Elkhead Creek 1_XS38.9,VegXS,27.29,493.92
Elkhead Creek 1,Elkhead Creek 1_XS38.9,VegXS,27.85,493.97
Elkhead Creek 1,Elkhead Creek 1_XS38.9,VegXS,27.95,494.08
Elkhead Creek 1,Elkhead Creek 1_XS38.9,VegXS,28.27,494.08
Elkhead Creek 1,Elkhead Creek 1_XS38.9,VegXS,28.5,493.87
Elkhead Creek 1,Elkhead Creek 1_XS38.9,VegXS,29.1,493.83
Elkhead Creek 1,Elkhead Creek 1_XS38.9,VegXS,29.58,493.78
Elkhead Creek 1,Elkhead Creek 1_XS38.9,VegXS,30.14,493.8
Elkhead Creek 1,Elkhead Creek 1_XS38.9,VegXS,30.7,493.95
Elkhead Creek 1,Elkhead Creek 1_XS38.9,VegXS,31.18,494.01
Elkhead Creek 1,Elkhead Creek 1_XS38.9,VegXS,31.81,493.99
Elkhead Creek 1,Elkhead Creek 1_XS38.9,VegXS,32.02,494.05
Elkhead Creek 1,Elkhead Creek 1_XS38.9,VegXS,32.14,494.11
Elkhead Creek 1,Elkhead Creek 1_XS38.9,VegXS,32.45,494.13
Elkhead Creek 1,Elkhead Creek 1_XS38.9,VegXS,33.55,494.64
Elkhead Creek 1,Elkhead Creek 1_XS38.9,VegXS,35.05,495.09
Elkhead Creek 1,Elkhead Creek 1_XS38.9,VegXS,36.35,495.25
Elkhead Creek 1,Elkhead Creek 1_XS38.9,VegXS,37.75,495.3
Elkhead Creek 1,Elkhead Creek 1_XS38.9,VegXS,39.34,496.05
Elkhead Creek 1,Elkhead Creek 1_XS38.9,VegXS,41.46,497.38
Elkhead Creek 1,Elkhead Creek 1_XS38.9,VegXS,44.17,497.99
Elkhead Creek 1,Elkhead Creek 1_XS38.9,VegXS,50.4,498.39
Elkhead Creek 1,Elkhead Creek 1_XS38.9,VegXS,59.73,501.01
Elkhead Creek 1,Elkhead Creek 1_XS21.9,,0,499.6274154
Elkhead Creek 1,Elkhead Creek 1_XS21.9,,3.74,499.1002958
Elkhead Creek 1,Elkhead Creek 1_XS21.9,,9.35,497.861273
Elkhead Creek 1,Elkhead Creek 1_XS21.9,,16.69,496.5826024
Elkhead Creek 1,Elkhead Creek 1_XS21.9,,23.39,496.5712414
Elkhead Creek 1,Elkhead Creek 1_XS21.9,,27.71,495.5843382
Elkhead Creek 1,Elkhead Creek 1_XS21.9,,29.29,495.1931524
Elkhead Creek 1,Elkhead Creek 1_XS21.9,,30.15,494.765616
Elkhead Creek 1,Elkhead Creek 1_XS21.9,,31.73,494.408058
Elkhead Creek 1,Elkhead Creek 1_XS21.9,,32.18,494.2178483
Elkhead Creek 1,Elkhead Creek 1_XS21.9,,32.67,494.0889432
Elkhead Creek 1,Elkhead Creek 1_XS21.9,,32.74,494.019024
Elkhead Creek 1,Elkhead Creek 1_XS21.9,,32.9,493.8788971
Elkhead Creek 1,Elkhead Creek 1_XS21.9,,33.37,493.8377576
Elkhead Creek 1,Elkhead Creek 1_XS21.9,,33.98,493.8027655
Elkhead Creek 1,Elkhead Creek 1_XS21.9,,34.41,493.811397
Elkhead Creek 1,Elkhead Creek 1_XS21.9,,34.53,494.1179446
Elkhead Creek 1,Elkhead Creek 1_XS21.9,,34.74,494.0706604
Elkhead Creek 1,Elkhead Creek 1_XS21.9,,34.81,493.8774246
Elkhead Creek 1,Elkhead Creek 1_XS21.9,,35.19,493.8392103
Elkhead Creek 1,Elkhead Creek 1_XS21.9,,35.48,493.9616944
Elkhead Creek 1,Elkhead Creek 1_XS21.9,,35.53,494.110872
Elkhead Creek 1,Elkhead Creek 1_XS21.9,,35.71,494.1165409
Elkhead Creek 1,Elkhead Creek 1_XS21.9,,35.83,493.9224662
Elkhead Creek 1,Elkhead Creek 1_XS21.9,,36.71,493.8314531
Elkhead Creek 1,Elkhead Creek 1_XS21.9,,37.38,493.8371308
Elkhead Creek 1,Elkhead Creek 1_XS21.9,,38.06,493.9011987
Elkhead Creek 1,Elkhead Creek 1_XS21.9,,38.21,494.1243465
Elkhead Creek 1,Elkhead Creek 1_XS21.9,,38.47,494.1263696
Elkhead Creek 1,Elkhead Creek 1_XS21.9,,38.53,493.9792665
Elkhead Creek 1,Elkhead Creek 1_XS21.9,,39.64,493.9027708
Elkhead Creek 1,Elkhead Creek 1_XS21.9,,40.42,493.8785063
Elkhead Creek 1,Elkhead Creek 1_XS21.9,,41.06,493.8807258
Elkhead Creek 1,Elkhead Creek 1_XS21.9,,41.92,493.8771342
Elkhead Creek 1,Elkhead Creek 1_XS21.9,,42.16,493.9593181
Elkhead Creek 1,Elkhead Creek 1_XS21.9,,43.49,494.1881189
Elkhead Creek 1,Elkhead Creek 1_XS21.9,,44.47,494.7531367
Elkhead Creek 1,Elkhead Creek 1_XS21.9,,46.34,495.0197964
Elkhead Creek 1,Elkhead Creek 1_XS21.9,,50.96,495.1051288
Elkhead Creek 1,Elkhead Creek 1_XS21.9,,58.23,497.9021523
Elkhead Creek 1,Elkhead Creek 1_XS21.9,,63.52,499.139453
Elkhead Creek 1,Elkhead Creek 1_XS21.9,,69.37,500.7232688
Elkhead Creek 1,Elkhead Creek 1_XS9.4,,0,498.5939672
Elkhead Creek 1,Elkhead Creek 1_XS9.4,,11.13,497.6231503
Elkhead Creek 1,Elkhead Creek 1_XS9.4,,16.03,497.452207
Elkhead Creek 1,Elkhead Creek 1_XS9.4,,19.8,496.0885772
Elkhead Creek 1,Elkhead Creek 1_XS9.4,,21.73,496.1041816
Elkhead Creek 1,Elkhead Creek 1_XS9.4,,23.07,495.0425082
Elkhead Creek 1,Elkhead Creek 1_XS9.4,,24.32,494.5153499
Elkhead Creek 1,Elkhead Creek 1_XS9.4,,25.1,494.2135756
Elkhead Creek 1,Elkhead Creek 1_XS9.4,,25.68,493.9200698
Elkhead Creek 1,Elkhead Creek 1_XS9.4,,25.86,493.8334631
Elkhead Creek 1,Elkhead Creek 1_XS9.4,,26.04,493.7122682
Elkhead Creek 1,Elkhead Creek 1_XS9.4,,26.46,493.6453078
Elkhead Creek 1,Elkhead Creek 1_XS9.4,,27.11,493.5249758
Elkhead Creek 1,Elkhead Creek 1_XS9.4,,27.63,493.5795373
Elkhead Creek 1,Elkhead Creek 1_XS9.4,,28.19,493.5633853
Elkhead Creek 1,Elkhead Creek 1_XS9.4,,28.91,493.5646845
Elkhead Creek 1,Elkhead Creek 1_XS9.4,,29.26,493.5522296
Elkhead Creek 1,Elkhead Creek 1_XS9.4,,29.6,493.7411933
Elkhead Creek 1,Elkhead Creek 1_XS9.4,,29.69,493.9567081
Elkhead Creek 1,Elkhead Creek 1_XS9.4,,30.1,494.057028
Elkhead Creek 1,Elkhead Creek 1_XS9.4,,30.37,493.7143922
Elkhead Creek 1,Elkhead Creek 1_XS9.4,,31.02,493.708821
Elkhead Creek 1,Elkhead Creek 1_XS9.4,,31.66,493.8218936
Elkhead Creek 1,Elkhead Creek 1_XS9.4,,32.57,494.1080679
Elkhead Creek 1,Elkhead Creek 1_XS9.4,,33.74,494.3290601
Elkhead Creek 1,Elkhead Creek 1_XS9.4,,37.7,494.5532776
Elkhead Creek 1,Elkhead Creek 1_XS9.4,,42.07,494.054059
Elkhead Creek 1,Elkhead Creek 1_XS9.4,,44.49,494.388331
Elkhead Creek 1,Elkhead Creek 1_XS9.4,,50.28,497.6845719
Elkhead Creek 1,Elkhead Creek 1_XS9.4,,54.11,498.9532761
Elkhead Creek 1,Elkhead Creek 1_XS9.4,,62.82,501.0820939
Elkhead Creek 1,Elkhead Creek 1_XS0,,0,497.8355992
Elkhead Creek 1,Elkhead Creek 1_XS0,,4.81,496.9684437
Elkhead Creek 1,Elkhead Creek 1_XS0,,9.69,496.970153
Elkhead Creek 1,Elkhead Creek 1_XS0,,16.39,496.051019
Elkhead Creek 1,Elkhead Creek 1_XS0,,20.99,495.2808947
Elkhead Creek 1,Elkhead Creek 1_XS0,,23.89,495.0119894
Elkhead Creek 1,Elkhead Creek 1_XS0,,25.38,494.9085893
Elkhead Creek 1,Elkhead Creek 1_XS0,,26.62,494.3425844
Elkhead Creek 1,Elkhead Creek 1_XS0,,27.44,493.8884685
Elkhead Creek 1,Elkhead Creek 1_XS0,,27.67,493.7790501
Elkhead Creek 1,Elkhead Creek 1_XS0,,27.98,493.6148868
Elkhead Creek 1,Elkhead Creek 1_XS0,,28.65,493.5708204
Elkhead Creek 1,Elkhead Creek 1_XS0,,29.51,493.6530131
Elkhead Creek 1,Elkhead Creek 1_XS0,,29.97,493.7213542
Elkhead Creek 1,Elkhead Creek 1_XS0,,30.26,494.0201329
Elkhead Creek 1,Elkhead Creek 1_XS0,,30.67,494.0028403
Elkhead Creek 1,Elkhead Creek 1_XS0,,30.72,493.7102434
Elkhead Creek 1,Elkhead Creek 1_XS0,,31.9,493.7057946
Elkhead Creek 1,Elkhead Creek 1_XS0,,32.43,493.656815
Elkhead Creek 1,Elkhead Creek 1_XS0,,32.62,493.7145269
Elkhead Creek 1,Elkhead Creek 1_XS0,,33.37,493.6857759
Elkhead Creek 1,Elkhead Creek 1_XS0,,33.81,493.7601727
Elkhead Creek 1,Elkhead Creek 1_XS0,,34.37,493.694334
Elkhead Creek 1,Elkhead Creek 1_XS0,,35.06,493.7819795
Elkhead Creek 1,Elkhead Creek 1_XS0,,35.84,493.8274206
Elkhead Creek 1,Elkhead Creek 1_XS0,,37.93,494.1899567
Elkhead Creek 1,Elkhead Creek 1_XS0,,40.53,494.7169612
Elkhead Creek 1,Elkhead Creek 1_XS0,,42.48,494.5590174
Elkhead Creek 1,Elkhead Creek 1_XS0,,46.41,494.6389963
Elkhead Creek 1,Elkhead Creek 1_XS0,,48.36,494.1222491
Elkhead Creek 1,Elkhead Creek 1_XS0,,49.95,494.7574577
Elkhead Creek 1,Elkhead Creek 1_XS0,,50.2,495.255811
Elkhead Creek 1,Elkhead Creek 1_XS0,,58.32,499.1956364
Elkhead Creek 1,Elkhead Creek 1_XS0,,73.72,502.5506954
Elkhead Creek 1,Elkhead Creek 1_XS113.6,,0,500.5640401
Elkhead Creek 1,Elkhead Creek 1_XS113.6,,11.68,499.8699175
Elkhead Creek 1,Elkhead Creek 1_XS113.6,,22.5,498.9365701
Elkhead Creek 1,Elkhead Creek 1_XS113.6,,26.32,498.3522758
Elkhead Creek 1,Elkhead Creek 1_XS113.6,,29.18,497.6272463
Elkhead Creek 1,Elkhead Creek 1_XS113.6,,33.04,495.9590517
Elkhead Creek 1,Elkhead Creek 1_XS113.6,,35.78,495.4524678
Elkhead Creek 1,Elkhead Creek 1_XS113.6,,37.07,494.9086979
Elkhead Creek 1,Elkhead Creek 1_XS113.6,,38.4,494.7616023
Elkhead Creek 1,Elkhead Creek 1_XS113.6,,39.28,494.4808827
Elkhead Creek 1,Elkhead Creek 1_XS113.6,,39.5,494.1032232
Elkhead Creek 1,Elkhead Creek 1_XS113.6,,39.64,493.9992589
Elkhead Creek 1,Elkhead Creek 1_XS113.6,,39.86,493.9474164
Elkhead Creek 1,Elkhead Creek 1_XS113.6,,40.43,493.9448986
Elkhead Creek 1,Elkhead Creek 1_XS113.6,,41.25,494.0027177
Elkhead Creek 1,Elkhead Creek 1_XS113.6,,42.06,494.0365802
Elkhead Creek 1,Elkhead Creek 1_XS113.6,,42.48,493.9981058
Elkhead Creek 1,Elkhead Creek 1_XS113.6,,43.17,493.999557
Elkhead Creek 1,Elkhead Creek 1_XS113.6,,43.75,494.011068
Elkhead Creek 1,Elkhead Creek 1_XS113.6,,44.52,494.1049707
Elkhead Creek 1,Elkhead Creek 1_XS113.6,,44.79,494.1554603
Elkhead Creek 1,Elkhead Creek 1_XS113.6,,45.51,494.4514229
Elkhead Creek 1,Elkhead Creek 1_XS113.6,,47.2,494.6601524
Elkhead Creek 1,Elkhead Creek 1_XS113.6,,49.44,495.3605196
Elkhead Creek 1,Elkhead Creek 1_XS113.6,,51.08,496.3450508
Elkhead Creek 1,Elkhead Creek 1_XS113.6,,52.32,496.9268726
Elkhead Creek 1,Elkhead Creek 1_XS113.6,,56.21,496.8258226
Elkhead Creek 1,Elkhead Creek 1_XS113.6,,59.08,497.2642379
Elkhead Creek 1,Elkhead Creek 1_XS113.6,,68.76,500.4088955
Elkhead Creek 1,Elkhead Creek 1_XS86.9,,0,500.0125113
Elkhead Creek 1,Elkhead Creek 1_XS86.9,,6.23,499.0252624
Elkhead Creek 1,Elkhead Creek 1_XS86.9,,11.58,497.5042786
Elkhead Creek 1,Elkhead Creek 1_XS86.9,,17.54,495.6371389
Elkhead Creek 1,Elkhead Creek 1_XS86.9,,18.45,495.1125497
Elkhead Creek 1,Elkhead Creek 1_XS86.9,,19.44,494.8231419
Elkhead Creek 1,Elkhead Creek 1_XS86.9,,19.96,494.5048991
Elkhead Creek 1,Elkhead Creek 1_XS86.9,,20.85,494.7421456
Elkhead Creek 1,Elkhead Creek 1_XS86.9,,21.33,494.1730252
Elkhead Creek 1,Elkhead Creek 1_XS86.9,,21.5,494.0772637
Elkhead Creek 1,Elkhead Creek 1_XS86.9,,22.29,493.6708342
Elkhead Creek 1,Elkhead Creek 1_XS86.9,,23,493.4498091
Elkhead Creek 1,Elkhead Creek 1_XS86.9,,23.58,493.4372085
Elkhead Creek 1,Elkhead Creek 1_XS86.9,,24.13,493.3660958
Elkhead Creek 1,Elkhead Creek 1_XS86.9,,24.69,493.3577647
Elkhead Creek 1,Elkhead Creek 1_XS86.9,,25.39,493.3795041
Elkhead Creek 1,Elkhead Creek 1_XS86.9,,25.98,493.5151414
Elkhead Creek 1,Elkhead Creek 1_XS86.9,,26.7,493.6825941
Elkhead Creek 1,Elkhead Creek 1_XS86.9,,27.21,493.9142737
Elkhead Creek 1,Elkhead Creek 1_XS86.9,,27.37,494.0957942
Elkhead Creek 1,Elkhead Creek 1_XS86.9,,28.3,494.4799408
Elkhead Creek 1,Elkhead Creek 1_XS86.9,,29.46,495.0564564
Elkhead Creek 1,Elkhead Creek 1_XS86.9,,30.18,495.2522696
Elkhead Creek 1,Elkhead Creek 1_XS86.9,,31.26,496.0617169
Elkhead Creek 1,Elkhead Creek 1_XS86.9,,37.65,498.7214113
Elkhead Creek 1,Elkhead Creek 1_XS86.9,,39.53,499.1000241
Elkhead Creek 1,Elkhead Creek 1_XS86.9,,42.65,499.0891083
Elkhead Creek 1,Elkhead Creek 1_XS86.9,,48.4,500.2793649
Elkhead Creek 1,Elkhead Creek 1_XS64.9,,0,499.8968212
Elkhead Creek 1,Elkhead Creek 1_XS64.9,,8.74,498.3535997
Elkhead Creek 1,Elkhead Creek 1_XS64.9,,11.4,497.3482832
Elkhead Creek 1,Elkhead Creek 1_XS64.9,,13.32,496.200424
Elkhead Creek 1,Elkhead Creek 1_XS64.9,,13.61,495.4287557
Elkhead Creek 1,Elkhead Creek 1_XS64.9,,14.44,494.8730757
Elkhead Creek 1,Elkhead Creek 1_XS64.9,,15.37,494.5760076
Elkhead Creek 1,Elkhead Creek 1_XS64.9,,16.5,494.2820875
Elkhead Creek 1,Elkhead Creek 1_XS64.9,,17.59,494.0768693
Elkhead Creek 1,Elkhead Creek 1_XS64.9,,17.99,494.0253425
Elkhead Creek 1,Elkhead Creek 1_XS64.9,,18.58,493.9384567
Elkhead Creek 1,Elkhead Creek 1_XS64.9,,18.98,493.9421589
Elkhead Creek 1,Elkhead Creek 1_XS64.9,,19.46,493.8748725
Elkhead Creek 1,Elkhead Creek 1_XS64.9,,19.96,493.9069898
Elkhead Creek 1,Elkhead Creek 1_XS64.9,,20.72,493.90505
Elkhead Creek 1,Elkhead Creek 1_XS64.9,,21.03,493.8567771
Elkhead Creek 1,Elkhead Creek 1_XS64.9,,21.45,493.8530849
Elkhead Creek 1,Elkhead Creek 1_XS64.9,,21.97,493.8952993
Elkhead Creek 1,Elkhead Creek 1_XS64.9,,22.24,493.8901184
Elkhead Creek 1,Elkhead Creek 1_XS64.9,,22.31,494.1360705
Elkhead Creek 1,Elkhead Creek 1_XS64.9,,22.43,494.0964479
Elkhead Creek 1,Elkhead Creek 1_XS64.9,,22.43,494.0300531
Elkhead Creek 1,Elkhead Creek 1_XS64.9,,22.53,494.0756081
Elkhead Creek 1,Elkhead Creek 1_XS64.9,,22.75,494.2262477
Elkhead Creek 1,Elkhead Creek 1_XS64.9,,23.76,494.6132877
Elkhead Creek 1,Elkhead Creek 1_XS64.9,,26.49,495.5166249
Elkhead Creek 1,Elkhead Creek 1_XS64.9,,28.68,497.1167139
Elkhead Creek 1,Elkhead Creek 1_XS64.9,,34.65,498.5972805
Elkhead Creek 1,Elkhead Creek 1_XS64.9,,44.75,501.3067611
Hog Park Gorge,Hog Park Gorge_XS0,,0,152.744
Hog Park Gorge,Hog Park Gorge_XS0,,2.524,151.916
Hog Park Gorge,Hog Park Gorge_XS0,,7.454,150.827
Hog Park Gorge,Hog Park Gorge_XS0,,9.499,150.542
Hog Park Gorge,Hog Park Gorge_XS0,,10.235,150.554
Hog Park Gorge,Hog Park Gorge_XS0,,10.456,150.346
Hog Park Gorge,Hog Park Gorge_XS0,,10.959,150.272
Hog Park Gorge,Hog Park Gorge_XS0,,11.455,149.988
Hog Park Gorge,Hog Park Gorge_XS0,,11.932,149.845
Hog Park Gorge,Hog Park Gorge_XS0,,12.367,149.79
Hog Park Gorge,Hog Park Gorge_XS0,,12.922,149.687
Hog Park Gorge,Hog Park Gorge_XS0,,13.107,149.881
Hog Park Gorge,Hog Park Gorge_XS0,,13.4,149.687
Hog Park Gorge,Hog Park Gorge_XS0,,13.832,149.657
Hog Park Gorge,Hog Park Gorge_XS0,,14.039,149.651
Hog Park Gorge,Hog Park Gorge_XS0,,14.43,149.613
Hog Park Gorge,Hog Park Gorge_XS0,,14.876,149.404
Hog Park Gorge,Hog Park Gorge_XS0,,15.257,149.377
Hog Park Gorge,Hog Park Gorge_XS0,,15.578,150.044
Hog Park Gorge,Hog Park Gorge_XS0,,16.026,149.813
Hog Park Gorge,Hog Park Gorge_XS0,,16.782,149.801
Hog Park Gorge,Hog Park Gorge_XS0,,17.121,150.844
Hog Park Gorge,Hog Park Gorge_XS0,,19.083,150.672
Hog Park Gorge,Hog Park Gorge_XS0,,19.423,149.69
Hog Park Gorge,Hog Park Gorge_XS0,,20.156,149.529
Hog Park Gorge,Hog Park Gorge_XS0,,20.503,149.487
Hog Park Gorge,Hog Park Gorge_XS0,,21.137,149.659
Hog Park Gorge,Hog Park Gorge_XS0,,21.305,149.995
Hog Park Gorge,Hog Park Gorge_XS0,,21.672,150.822
Hog Park Gorge,Hog Park Gorge_XS0,,24.004,151.175
Hog Park Gorge,Hog Park Gorge_XS0,,24.383,150.273
Hog Park Gorge,Hog Park Gorge_XS0,,25.889,150.84
Hog Park Gorge,Hog Park Gorge_XS0,,27.891,151.288
Hog Park Gorge,Hog Park Gorge_XS0,,31.773,151.797
Hog Park Gorge,Hog Park Gorge_XS0,,36.555,152.259
Hog Park Gorge,Hog Park Gorge_XS15.1,,0,152.556
Hog Park Gorge,Hog Park Gorge_XS15.1,,3.796,152.044
Hog Park Gorge,Hog Park Gorge_XS15.1,,9.183,151.266
Hog Park Gorge,Hog Park Gorge_XS15.1,,9.575,151.126
Hog Park Gorge,Hog Park Gorge_XS15.1,,10.723,150.729
Hog Park Gorge,Hog Park Gorge_XS15.1,,11.045,150.412
Hog Park Gorge,Hog Park Gorge_XS15.1,,12.079,150.237
Hog Park Gorge,Hog Park Gorge_XS15.1,,12.564,150.334
Hog Park Gorge,Hog Park Gorge_XS15.1,,13.165,150.288
Hog Park Gorge,Hog Park Gorge_XS15.1,,13.455,150.453
Hog Park Gorge,Hog Park Gorge_XS15.1,,13.928,150.274
Hog Park Gorge,Hog Park Gorge_XS15.1,,14.243,150.262
Hog Park Gorge,Hog Park Gorge_XS15.1,,14.692,150.368
Hog Park Gorge,Hog Park Gorge_XS15.1,,15.099,150.344
Hog Park Gorge,Hog Park Gorge_XS15.1,,15.428,150.299
Hog Park Gorge,Hog Park Gorge_XS15.1,,15.962,150.293
Hog Park Gorge,Hog Park Gorge_XS15.1,,16.74,150.371
Hog Park Gorge,Hog Park Gorge_XS15.1,,17.337,150.28
Hog Park Gorge,Hog Park Gorge_XS15.1,,17.687,150.273
Hog Park Gorge,Hog Park Gorge_XS15.1,,17.955,150.144
Hog Park Gorge,Hog Park Gorge_XS15.1,,18.303,150.124
Hog Park Gorge,Hog Park Gorge_XS15.1,,19.365,151.428
Hog Park Gorge,Hog Park Gorge_XS15.1,,20.624,149.967
Hog Park Gorge,Hog Park Gorge_XS15.1,,21.068,149.966
Hog Park Gorge,Hog Park Gorge_XS15.1,,21.58,149.999
Hog Park Gorge,Hog Park Gorge_XS15.1,,22.454,149.938
Hog Park Gorge,Hog Park Gorge_XS15.1,,23.002,149.974
Hog Park Gorge,Hog Park Gorge_XS15.1,,23.139,150.31
Hog Park Gorge,Hog Park Gorge_XS15.1,,23.643,150.874
Hog Park Gorge,Hog Park Gorge_XS15.1,,23.921,150.955
Hog Park Gorge,Hog Park Gorge_XS15.1,,25.5,151.087
Hog Park Gorge,Hog Park Gorge_XS15.1,,31.109,152.28
Hog Park Gorge,Hog Park Gorge_XS15.1,,33.485,152.451
Hog Park Gorge,Hog Park Gorge_XS28.2,,0,152.573
Hog Park Gorge,Hog Park Gorge_XS28.2,,6.276,151.543
Hog Park Gorge,Hog Park Gorge_XS28.2,,8.704,151.321
Hog Park Gorge,Hog Park Gorge_XS28.2,,10.711,151.047
Hog Park Gorge,Hog Park Gorge_XS28.2,,12.23,151.07
Hog Park Gorge,Hog Park Gorge_XS28.2,,12.95,150.877
Hog Park Gorge,Hog Park Gorge_XS28.2,,13.343,150.57
Hog Park Gorge,Hog Park Gorge_XS28.2,,13.927,150.522
Hog Park Gorge,Hog Park Gorge_XS28.2,,14.371,150.512
Hog Park Gorge,Hog Park Gorge_XS28.2,,14.818,150.512
Hog Park Gorge,Hog Park Gorge_XS28.2,,15.455,150.43
Hog Park Gorge,Hog Park Gorge_XS28.2,,15.797,150.398
Hog Park Gorge,Hog Park Gorge_XS28.2,,16.341,150.325
Hog Park Gorge,Hog Park Gorge_XS28.2,,16.886,150.378
Hog Park Gorge,Hog Park Gorge_XS28.2,,17.797,150.383
Hog Park Gorge,Hog Park Gorge_XS28.2,,18.147,150.565
Hog Park Gorge,Hog Park Gorge_XS28.2,,18.992,150.532
Hog Park Gorge,Hog Park Gorge_XS28.2,,19.379,150.281
Hog Park Gorge,Hog Park Gorge_XS28.2,,19.977,150.237
Hog Park Gorge,Hog Park Gorge_XS28.2,,20.57,150.284
Hog Park Gorge,Hog Park Gorge_XS28.2,,21.06,150.374
Hog Park Gorge,Hog Park Gorge_XS28.2,,21.069,152.355
Hog Park Gorge,Hog Park Gorge_XS28.2,,22.151,150.651
Hog Park Gorge,Hog Park Gorge_XS28.2,,22.869,151.027
Hog Park Gorge,Hog Park Gorge_XS28.2,,26.821,151.775
Hog Park Gorge,Hog Park Gorge_XS28.2,,33.555,153.865
Hog Park Gorge,Hog Park Gorge_XS41.4,,0,153.005
Hog Park Gorge,Hog Park Gorge_XS41.4,,5.057,152.327
Hog Park Gorge,Hog Park Gorge_XS41.4,,7.492,151.821
Hog Park Gorge,Hog Park Gorge_XS41.4,,10.532,151.679
Hog Park Gorge,Hog Park Gorge_XS41.4,,13.014,151.144
Hog Park Gorge,Hog Park Gorge_XS41.4,,13.65,151.042
Hog Park Gorge,Hog Park Gorge_XS41.4,,14.022,150.867
Hog Park Gorge,Hog Park Gorge_XS41.4,,14.155,150.716
Hog Park Gorge,Hog Park Gorge_XS41.4,,14.597,150.691
Hog Park Gorge,Hog Park Gorge_XS41.4,,14.99,150.724
Hog Park Gorge,Hog Park Gorge_XS41.4,,15.225,150.789
Hog Park Gorge,Hog Park Gorge_XS41.4,,15.594,150.733
Hog Park Gorge,Hog Park Gorge_XS41.4,,16.038,150.711
Hog Park Gorge,Hog Park Gorge_XS41.4,,16.418,150.681
Hog Park Gorge,Hog Park Gorge_XS41.4,,16.67,150.635
Hog Park Gorge,Hog Park Gorge_XS41.4,,16.862,151.14
Hog Park Gorge,Hog Park Gorge_XS41.4,,17.498,150.991
Hog Park Gorge,Hog Park Gorge_XS41.4,,17.628,150.726
Hog Park Gorge,Hog Park Gorge_XS41.4,,18.001,150.784
Hog Park Gorge,Hog Park Gorge_XS41.4,,18.477,150.76
Hog Park Gorge,Hog Park Gorge_XS41.4,,19.04,150.701
Hog Park Gorge,Hog Park Gorge_XS41.4,,19.519,150.669
Hog Park Gorge,Hog Park Gorge_XS41.4,,19.948,150.682
Hog Park Gorge,Hog Park Gorge_XS41.4,,20.432,150.608
Hog Park Gorge,Hog Park Gorge_XS41.4,,20.756,150.608
Hog Park Gorge,Hog Park Gorge_XS41.4,,21.095,150.545
Hog Park Gorge,Hog Park Gorge_XS41.4,,21.365,150.588
Hog Park Gorge,Hog Park Gorge_XS41.4,,21.572,150.635
Hog Park Gorge,Hog Park Gorge_XS41.4,,21.808,150.519
Hog Park Gorge,Hog Park Gorge_XS41.4,,22.028,150.45
Hog Park Gorge,Hog Park Gorge_XS41.4,,22.425,150.43
Hog Park Gorge,Hog Park Gorge_XS41.4,,22.913,151.018
Hog Park Gorge,Hog Park Gorge_XS41.4,,23.504,150.726
Hog Park Gorge,Hog Park Gorge_XS41.4,,23.868,150.824
Hog Park Gorge,Hog Park Gorge_XS41.4,,23.886,150.858
Hog Park Gorge,Hog Park Gorge_XS41.4,,25.297,151.323
Hog Park Gorge,Hog Park Gorge_XS41.4,,25.313,151.323
Hog Park Gorge,Hog Park Gorge_XS41.4,,27.222,151.653
Hog Park Gorge,Hog Park Gorge_XS41.4,,30.383,152.71
Hog Park Gorge,Hog Park Gorge_XS41.4,,33.262,153.58
Hog Park Gorge,Hog Park Gorge_XS48,,0,153.011
Hog Park Gorge,Hog Park Gorge_XS48,,1.458,152.821
Hog Park Gorge,Hog Park Gorge_XS48,,3.38,152.601
Hog Park Gorge,Hog Park Gorge_XS48,,5.366,152.373
Hog Park Gorge,Hog Park Gorge_XS48,,7.291,152.059
Hog Park Gorge,Hog Park Gorge_XS48,,9.144,151.787
Hog Park Gorge,Hog Park Gorge_XS48,,11.737,151.643
Hog Park Gorge,Hog Park Gorge_XS48,,12.076,151.416
Hog Park Gorge,Hog Park Gorge_XS48,,12.988,151.382
Hog Park Gorge,Hog Park Gorge_XS48,,13.862,151.243
Hog Park Gorge,Hog Park Gorge_XS48,,13.998,150.94
Hog Park Gorge,Hog Park Gorge_XS48,,14.014,150.852
Hog Park Gorge,Hog Park Gorge_XS48,,14.462,150.86
Hog Park Gorge,Hog Park Gorge_XS48,,14.996,150.785
Hog Park Gorge,Hog Park Gorge_XS48,,15.402,150.831
Hog Park Gorge,Hog Park Gorge_XS48,,15.909,150.825
Hog Park Gorge,Hog Park Gorge_XS48,,16.103,151.065
Hog Park Gorge,Hog Park Gorge_XS48,,16.416,150.692
Hog Park Gorge,Hog Park Gorge_XS48,,16.759,150.675
Hog Park Gorge,Hog Park Gorge_XS48,,17.015,150.726
Hog Park Gorge,Hog Park Gorge_XS48,,17.233,150.758
Hog Park Gorge,Hog Park Gorge_XS48,,17.494,150.776
Hog Park Gorge,Hog Park Gorge_XS48,,17.884,150.799
Hog Park Gorge,Hog Park Gorge_XS48,,18.301,150.744
Hog Park Gorge,Hog Park Gorge_XS48,,18.517,150.738
Hog Park Gorge,Hog Park Gorge_XS48,,18.726,150.894
Hog Park Gorge,Hog Park Gorge_XS48,,18.811,150.675
Hog Park Gorge,Hog Park Gorge_XS48,,19.256,150.63
Hog Park Gorge,Hog Park Gorge_XS48,,19.587,150.551
Hog Park Gorge,Hog Park Gorge_XS48,,19.944,150.556
Hog Park Gorge,Hog Park Gorge_XS48,,20.231,150.6
Hog Park Gorge,Hog Park Gorge_XS48,,20.677,150.635
Hog Park Gorge,Hog Park Gorge_XS48,,20.792,150.875
Hog Park Gorge,Hog Park Gorge_XS48,,21.143,150.842
Hog Park Gorge,Hog Park Gorge_XS48,,21.189,150.777
Hog Park Gorge,Hog Park Gorge_XS48,,21.656,150.717
Hog Park Gorge,Hog Park Gorge_XS48,,22.401,150.767
Hog Park Gorge,Hog Park Gorge_XS48,,22.438,150.966
Hog Park Gorge,Hog Park Gorge_XS48,,22.607,151.285
Hog Park Gorge,Hog Park Gorge_XS48,,22.994,151.411
Hog Park Gorge,Hog Park Gorge_XS48,,26.097,151.704
Hog Park Gorge,Hog Park Gorge_XS48,,27.052,151.784
Hog Park Gorge,Hog Park Gorge_XS48,,29.159,151.893
Hog Park Gorge,Hog Park Gorge_XS48,,31.495,152.311
Hog Park Gorge,Hog Park Gorge_XS48,,35.509,152.982
Hog Park Gorge,Hog Park Gorge_XS48,,37.377,153.466
Hog Park Gorge,Hog Park Gorge_XS64.6,,0,153.033
Hog Park Gorge,Hog Park Gorge_XS64.6,,1.305,152.405
Hog Park Gorge,Hog Park Gorge_XS64.6,,2.774,151.934
Hog Park Gorge,Hog Park Gorge_XS64.6,,4.197,151.826
Hog Park Gorge,Hog Park Gorge_XS64.6,,5.18,151.648
Hog Park Gorge,Hog Park Gorge_XS64.6,,5.456,151.453
Hog Park Gorge,Hog Park Gorge_XS64.6,,5.548,151.218
Hog Park Gorge,Hog Park Gorge_XS64.6,,5.707,151.164
Hog Park Gorge,Hog Park Gorge_XS64.6,,5.742,151.033
Hog Park Gorge,Hog Park Gorge_XS64.6,,5.89,150.893
Hog Park Gorge,Hog Park Gorge_XS64.6,,6.44,150.844
Hog Park Gorge,Hog Park Gorge_XS64.6,,7.066,150.781
Hog Park Gorge,Hog Park Gorge_XS64.6,,7.457,150.716
Hog Park Gorge,Hog Park Gorge_XS64.6,,7.709,150.677
Hog Park Gorge,Hog Park Gorge_XS64.6,,7.949,150.709
Hog Park Gorge,Hog Park Gorge_XS64.6,,8.049,150.761
Hog Park Gorge,Hog Park Gorge_XS64.6,,8.254,150.704
Hog Park Gorge,Hog Park Gorge_XS64.6,,8.371,150.827
Hog Park Gorge,Hog Park Gorge_XS64.6,,8.595,150.697
Hog Park Gorge,Hog Park Gorge_XS64.6,,8.891,150.679
Hog Park Gorge,Hog Park Gorge_XS64.6,,9.376,150.687
Hog Park Gorge,Hog Park Gorge_XS64.6,,9.696,150.663
Hog Park Gorge,Hog Park Gorge_XS64.6,,10.134,150.582
Hog Park Gorge,Hog Park Gorge_XS64.6,,10.241,150.571
Hog Park Gorge,Hog Park Gorge_XS64.6,,10.571,150.894
Hog Park Gorge,Hog Park Gorge_XS64.6,,10.835,150.591
Hog Park Gorge,Hog Park Gorge_XS64.6,,11.202,150.666
Hog Park Gorge,Hog Park Gorge_XS64.6,,11.573,150.632
Hog Park Gorge,Hog Park Gorge_XS64.6,,11.821,150.681
Hog Park Gorge,Hog Park Gorge_XS64.6,,12.326,150.697
Hog Park Gorge,Hog Park Gorge_XS64.6,,12.726,150.838
Hog Park Gorge,Hog Park Gorge_XS64.6,,13.697,151.032
Hog Park Gorge,Hog Park Gorge_XS64.6,,15.346,151.397
Hog Park Gorge,Hog Park Gorge_XS64.6,,15.441,151.831
Hog Park Gorge,Hog Park Gorge_XS64.6,,15.64,151.881
Hog Park Gorge,Hog Park Gorge_XS64.6,,18.503,151.965
Hog Park Gorge,Hog Park Gorge_XS64.6,,22.458,152.081
Hog Park Gorge,Hog Park Gorge_XS64.6,,26.846,152.702
Hog Park Gorge,Hog Park Gorge_XS64.6,,32.497,153.202
Hog Park Gorge,Hog Park Gorge_XS64.6,,40.727,153.697
Hog Park Gorge,Hog Park Gorge_XS77,,0,153.095
Hog Park Gorge,Hog Park Gorge_XS77,,1.267,152.297
Hog Park Gorge,Hog Park Gorge_XS77,,2.682,151.812
Hog Park Gorge,Hog Park Gorge_XS77,,4.186,151.87
Hog Park Gorge,Hog Park Gorge_XS77,,5.113,151.821
Hog Park Gorge,Hog Park Gorge_XS77,,5.212,151.204
Hog Park Gorge,Hog Park Gorge_XS77,,5.324,151.052
Hog Park Gorge,Hog Park Gorge_XS77,,5.673,150.856
Hog Park Gorge,Hog Park Gorge_XS77,,5.925,150.881
Hog Park Gorge,Hog Park Gorge_XS77,,6.225,150.828
Hog Park Gorge,Hog Park Gorge_XS77,,6.324,151.136
Hog Park Gorge,Hog Park Gorge_XS77,,6.79,151.063
Hog Park Gorge,Hog Park Gorge_XS77,,7.06,151.111
Hog Park Gorge,Hog Park Gorge_XS77,,7.309,150.954
Hog Park Gorge,Hog Park Gorge_XS77,,7.618,151.584
Hog Park Gorge,Hog Park Gorge_XS77,,8.033,151.051
Hog Park Gorge,Hog Park Gorge_XS77,,8.355,150.87
Hog Park Gorge,Hog Park Gorge_XS77,,8.748,150.821
Hog Park Gorge,Hog Park Gorge_XS77,,8.87,150.901
Hog Park Gorge,Hog Park Gorge_XS77,,9.265,150.951
Hog Park Gorge,Hog Park Gorge_XS77,,9.46,150.933
Hog Park Gorge,Hog Park Gorge_XS77,,9.816,150.919
Hog Park Gorge,Hog Park Gorge_XS77,,10.017,150.896
Hog Park Gorge,Hog Park Gorge_XS77,,10.272,151.041
Hog Park Gorge,Hog Park Gorge_XS77,,10.486,150.924
Hog Park Gorge,Hog Park Gorge_XS77,,10.756,150.867
Hog Park Gorge,Hog Park Gorge_XS77,,11.133,150.884
Hog Park Gorge,Hog Park Gorge_XS77,,11.407,150.938
Hog Park Gorge,Hog Park Gorge_XS77,,12.184,150.934
Hog Park Gorge,Hog Park Gorge_XS77,,12.247,151.205
Hog Park Gorge,Hog Park Gorge_XS77,,12.562,151.529
Hog Park Gorge,Hog Park Gorge_XS77,,13.181,151.412
Hog Park Gorge,Hog Park Gorge_XS77,,13.301,151.291
Hog Park Gorge,Hog Park Gorge_XS77,,13.804,151.291
Hog Park Gorge,Hog Park Gorge_XS77,,14.371,151.878
Hog Park Gorge,Hog Park Gorge_XS77,,16.199,152.156
Hog Park Gorge,Hog Park Gorge_XS77,,18.76,152.202
Hog Park Gorge,Hog Park Gorge_XS77,,22.493,152.289
Hog Park Gorge,Hog Park Gorge_XS77,,23.516,152.33
Hog Park Gorge,Hog Park Gorge_XS77,,26.907,152.568
Hog Park Gorge,Hog Park Gorge_XS77,,34.83,153.288
Hog Park Gorge,Hog Park Gorge_XS77,,48.345,153.997
Hog Park Gorge,Hog Park Gorge_XS83.3,,0,153.329
Hog Park Gorge,Hog Park Gorge_XS83.3,,1.654,152.454
Hog Park Gorge,Hog Park Gorge_XS83.3,,2.815,152.19
Hog Park Gorge,Hog Park Gorge_XS83.3,,3.774,151.813
Hog Park Gorge,Hog Park Gorge_XS83.3,,4.061,151.4
Hog Park Gorge,Hog Park Gorge_XS83.3,,4.505,151.298
Hog Park Gorge,Hog Park Gorge_XS83.3,,4.836,151.132
Hog Park Gorge,Hog Park Gorge_XS83.3,,5.242,151.241
Hog Park Gorge,Hog Park Gorge_XS83.3,,5.899,151.182
Hog Park Gorge,Hog Park Gorge_XS83.3,,5.991,152.128
Hog Park Gorge,Hog Park Gorge_XS83.3,,7.11,151.904
Hog Park Gorge,Hog Park Gorge_XS83.3,,7.201,151.079
Hog Park Gorge,Hog Park Gorge_XS83.3,,7.582,151.105
Hog Park Gorge,Hog Park Gorge_XS83.3,,7.946,150.983
Hog Park Gorge,Hog Park Gorge_XS83.3,,8.193,151.02
Hog Park Gorge,Hog Park Gorge_XS83.3,,8.373,151.078
Hog Park Gorge,Hog Park Gorge_XS83.3,,8.597,151.273
Hog Park Gorge,Hog Park Gorge_XS83.3,,8.907,151.082
Hog Park Gorge,Hog Park Gorge_XS83.3,,9.027,151.233
Hog Park Gorge,Hog Park Gorge_XS83.3,,9.162,151.155
Hog Park Gorge,Hog Park Gorge_XS83.3,,9.356,151.136
Hog Park Gorge,Hog Park Gorge_XS83.3,,9.504,151.298
Hog Park Gorge,Hog Park Gorge_XS83.3,,9.801,151.238
Hog Park Gorge,Hog Park Gorge_XS83.3,,9.936,151.117
Hog Park Gorge,Hog Park Gorge_XS83.3,,10.338,151.149
Hog Park Gorge,Hog Park Gorge_XS83.3,,10.453,151.287
Hog Park Gorge,Hog Park Gorge_XS83.3,,11.104,151.289
Hog Park Gorge,Hog Park Gorge_XS83.3,,11.225,151.164
Hog Park Gorge,Hog Park Gorge_XS83.3,,11.54,151.471
Hog Park Gorge,Hog Park Gorge_XS83.3,,11.695,151.255
Hog Park Gorge,Hog Park Gorge_XS83.3,,12.319,151.054
Hog Park Gorge,Hog Park Gorge_XS83.3,,12.665,151.175
Hog Park Gorge,Hog Park Gorge_XS83.3,,12.705,151.297
Hog Park Gorge,Hog Park Gorge_XS83.3,,12.777,151.571
Hog Park Gorge,Hog Park Gorge_XS83.3,,13.372,151.763
Hog Park Gorge,Hog Park Gorge_XS83.3,,14.507,151.973
Hog Park Gorge,Hog Park Gorge_XS83.3,,17.497,152.211
Hog Park Gorge,Hog Park Gorge_XS83.3,,22.436,152.356
Hog Park Gorge,Hog Park Gorge_XS83.3,,27.907,152.726
Hog Park Gorge,Hog Park Gorge_XS83.3,,35.719,153.281
Hog Park Gorge,Hog Park Gorge_XS83.3,,49.085,153.997
Hog Park Gorge,Hog Park Gorge_XS96.9,,0,154.052
Hog Park Gorge,Hog Park Gorge_XS96.9,,1.908,152.794
Hog Park Gorge,Hog Park Gorge_XS96.9,,3.046,152.399
Hog Park Gorge,Hog Park Gorge_XS96.9,,3.947,152.189
Hog Park Gorge,Hog Park Gorge_XS96.9,,4.441,151.969
Hog Park Gorge,Hog Park Gorge_XS96.9,,4.553,151.543
Hog Park Gorge,Hog Park Gorge_XS96.9,,4.905,151.421
Hog Park Gorge,Hog Park Gorge_XS96.9,,5.281,151.358
Hog Park Gorge,Hog Park Gorge_XS96.9,,5.586,151.192
Hog Park Gorge,Hog Park Gorge_XS96.9,,6.088,151.201
Hog Park Gorge,Hog Park Gorge_XS96.9,,6.642,151.247
Hog Park Gorge,Hog Park Gorge_XS96.9,,7.284,151.227
Hog Park Gorge,Hog Park Gorge_XS96.9,,7.981,151.229
Hog Park Gorge,Hog Park Gorge_XS96.9,,9.38,152.177
Hog Park Gorge,Hog Park Gorge_XS96.9,,9.676,151.319
Hog Park Gorge,Hog Park Gorge_XS96.9,,10.062,151.376
Hog Park Gorge,Hog Park Gorge_XS96.9,,10.678,151.522
Hog Park Gorge,Hog Park Gorge_XS96.9,,11.082,151.32
Hog Park Gorge,Hog Park Gorge_XS96.9,,11.497,151.408
Hog Park Gorge,Hog Park Gorge_XS96.9,,12.168,151.463
Hog Park Gorge,Hog Park Gorge_XS96.9,,12.465,151.596
Hog Park Gorge,Hog Park Gorge_XS96.9,,12.626,151.864
Hog Park Gorge,Hog Park Gorge_XS96.9,,13.646,152.072
Hog Park Gorge,Hog Park Gorge_XS96.9,,13.802,152.173
Hog Park Gorge,Hog Park Gorge_XS96.9,,15.878,152.321
Hog Park Gorge,Hog Park Gorge_XS96.9,,17.526,152.343
Hog Park Gorge,Hog Park Gorge_XS96.9,,17.965,152.344
Hog Park Gorge,Hog Park Gorge_XS96.9,,19.513,152.304
Hog Park Gorge,Hog Park Gorge_XS96.9,,22.423,152.471
Hog Park Gorge,Hog Park Gorge_XS96.9,,24.679,152.363
Hog Park Gorge,Hog Park Gorge_XS96.9,,26.273,152.665
Hog Park Gorge,Hog Park Gorge_XS96.9,,27.754,152.954
Hog Park Gorge,Hog Park Gorge_XS96.9,,30.592,153.201
Hog Park Gorge,Hog Park Gorge_XS96.9,,54.71,154.58
Hog Park Gorge,Hog Park Gorge_XS105.4,,0,153.376
Hog Park Gorge,Hog Park Gorge_XS105.4,,1.12,152.566
Hog Park Gorge,Hog Park Gorge_XS105.4,,2.594,152.228
Hog Park Gorge,Hog Park Gorge_XS105.4,,2.933,152.097
Hog Park Gorge,Hog Park Gorge_XS105.4,,3.072,151.726
Hog Park Gorge,Hog Park Gorge_XS105.4,,3.451,151.601
Hog Park Gorge,Hog Park Gorge_XS105.4,,3.799,151.534
Hog Park Gorge,Hog Park Gorge_XS105.4,,4.187,151.512
Hog Park Gorge,Hog Park Gorge_XS105.4,,4.535,151.497
Hog Park Gorge,Hog Park Gorge_XS105.4,,5.043,151.578
Hog Park Gorge,Hog Park Gorge_XS105.4,,6.038,151.746
Hog Park Gorge,Hog Park Gorge_XS105.4,,7.198,151.652
Hog Park Gorge,Hog Park Gorge_XS105.4,,7.783,151.583
Hog Park Gorge,Hog Park Gorge_XS105.4,,8.552,151.518
Hog Park Gorge,Hog Park Gorge_XS105.4,,9.045,151.541
Hog Park Gorge,Hog Park Gorge_XS105.4,,9.74,151.544
Hog Park Gorge,Hog Park Gorge_XS105.4,,10.267,151.407
Hog Park Gorge,Hog Park Gorge_XS105.4,,10.65,151.43
Hog Park Gorge,Hog Park Gorge_XS105.4,,11.296,151.366
Hog Park Gorge,Hog Park Gorge_XS105.4,,11.921,151.325
Hog Park Gorge,Hog Park Gorge_XS105.4,,12.279,151.395
Hog Park Gorge,Hog Park Gorge_XS105.4,,12.849,151.442
Hog Park Gorge,Hog Park Gorge_XS105.4,,13.249,151.552
Hog Park Gorge,Hog Park Gorge_XS105.4,,13.311,151.683
Hog Park Gorge,Hog Park Gorge_XS105.4,,13.409,151.889
Hog Park Gorge,Hog Park Gorge_XS105.4,,14.58,152.114
Hog Park Gorge,Hog Park Gorge_XS105.4,,16.382,152.351
Hog Park Gorge,Hog Park Gorge_XS105.4,,17.448,152.289
Hog Park Gorge,Hog Park Gorge_XS105.4,,22.427,152.521
Hog Park Gorge,Hog Park Gorge_XS105.4,,26.305,152.555
Hog Park Gorge,Hog Park Gorge_XS105.4,,30.836,153.201
Hog Park Gorge,Hog Park Gorge_XS105.4,,54.986,154.58
Hog Park Gorge,Hog Park Gorge_XS115.8,,0,153.967
Hog Park Gorge,Hog Park Gorge_XS115.8,,2.077,153.212
Hog Park Gorge,Hog Park Gorge_XS115.8,,3.448,152.987
Hog Park Gorge,Hog Park Gorge_XS115.8,,4.652,152.835
Hog Park Gorge,Hog Park Gorge_XS115.8,,6.551,152.693
Hog Park Gorge,Hog Park Gorge_XS115.8,,8.159,152.605
Hog Park Gorge,Hog Park Gorge_XS115.8,,10.097,152.656
Hog Park Gorge,Hog Park Gorge_XS115.8,,11.819,152.459
Hog Park Gorge,Hog Park Gorge_XS115.8,,12.459,152.245
Hog Park Gorge,Hog Park Gorge_XS115.8,,12.629,152.255
Hog Park Gorge,Hog Park Gorge_XS115.8,,12.76,151.938
Hog Park Gorge,Hog Park Gorge_XS115.8,,12.923,151.854
Hog Park Gorge,Hog Park Gorge_XS115.8,,13.427,151.692
Hog Park Gorge,Hog Park Gorge_XS115.8,,13.842,151.742
Hog Park Gorge,Hog Park Gorge_XS115.8,,14.374,151.735
Hog Park Gorge,Hog Park Gorge_XS115.8,,15.066,151.734
Hog Park Gorge,Hog Park Gorge_XS115.8,,15.567,151.756
Hog Park Gorge,Hog Park Gorge_XS115.8,,15.935,151.687
Hog Park Gorge,Hog Park Gorge_XS115.8,,16.196,151.684
Hog Park Gorge,Hog Park Gorge_XS115.8,,16.799,151.76
Hog Park Gorge,Hog Park Gorge_XS115.8,,17.242,151.771
Hog Park Gorge,Hog Park Gorge_XS115.8,,17.849,151.764
Hog Park Gorge,Hog Park Gorge_XS115.8,,18.334,151.738
Hog Park Gorge,Hog Park Gorge_XS115.8,,18.679,151.699
Hog Park Gorge,Hog Park Gorge_XS115.8,,19.029,151.694
Hog Park Gorge,Hog Park Gorge_XS115.8,,19.371,151.682
Hog Park Gorge,Hog Park Gorge_XS115.8,,19.78,151.753
Hog Park Gorge,Hog Park Gorge_XS115.8,,20.811,151.851
Hog Park Gorge,Hog Park Gorge_XS115.8,,21.7,151.786
Hog Park Gorge,Hog Park Gorge_XS115.8,,22.3,151.727
Hog Park Gorge,Hog Park Gorge_XS115.8,,23.751,151.613
Hog Park Gorge,Hog Park Gorge_XS115.8,,24.071,151.57
Hog Park Gorge,Hog Park Gorge_XS115.8,,24.842,151.618
Hog Park Gorge,Hog Park Gorge_XS115.8,,25.822,151.847
Hog Park Gorge,Hog Park Gorge_XS115.8,,26.5,152.438
Hog Park Gorge,Hog Park Gorge_XS115.8,,26.889,152.522
Hog Park Gorge,Hog Park Gorge_XS115.8,,28.954,152.684
Hog Park Gorge,Hog Park Gorge_XS115.8,,31.757,152.54
Hog Park Gorge,Hog Park Gorge_XS115.8,,33.162,152.566
Hog Park Gorge,Hog Park Gorge_XS115.8,,33.692,152.718
Hog Park Gorge,Hog Park Gorge_XS115.8,,35.21,153.069
Hog Park Gorge,Hog Park Gorge_XS115.8,,36.996,153.193
Hog Park Gorge,Hog Park Gorge_XS115.8,,59.877,154.58
Hog Park Gorge,Hog Park Gorge_XS132.3,,0,154.766
Hog Park Gorge,Hog Park Gorge_XS132.3,,2.538,153.842
Hog Park Gorge,Hog Park Gorge_XS132.3,,8.099,153.224
Hog Park Gorge,Hog Park Gorge_XS132.3,,10.886,152.961
Hog Park Gorge,Hog Park Gorge_XS132.3,,17.178,152.736
Hog Park Gorge,Hog Park Gorge_XS132.3,,18.096,152.527
Hog Park Gorge,Hog Park Gorge_XS132.3,,18.394,152.044
Hog Park Gorge,Hog Park Gorge_XS132.3,,18.525,151.886
Hog Park Gorge,Hog Park Gorge_XS132.3,,19.456,151.661
Hog Park Gorge,Hog Park Gorge_XS132.3,,19.836,151.634
Hog Park Gorge,Hog Park Gorge_XS132.3,,20.661,151.679
Hog Park Gorge,Hog Park Gorge_XS132.3,,21.469,151.788
Hog Park Gorge,Hog Park Gorge_XS132.3,,22.011,151.809
Hog Park Gorge,Hog Park Gorge_XS132.3,,23.05,151.826
Hog Park Gorge,Hog Park Gorge_XS132.3,,23.604,151.841
Hog Park Gorge,Hog Park Gorge_XS132.3,,24.654,151.875
Hog Park Gorge,Hog Park Gorge_XS132.3,,25.297,151.891
Hog Park Gorge,Hog Park Gorge_XS132.3,,25.523,152.03
Hog Park Gorge,Hog Park Gorge_XS132.3,,25.743,152.069
Hog Park Gorge,Hog Park Gorge_XS132.3,,26.225,152.225
Hog Park Gorge,Hog Park Gorge_XS132.3,,26.42,152.526
Hog Park Gorge,Hog Park Gorge_XS132.3,,26.995,152.608
Hog Park Gorge,Hog Park Gorge_XS132.3,,29.6,152.757
Hog Park Gorge,Hog Park Gorge_XS132.3,,32.347,152.83
Hog Park Gorge,Hog Park Gorge_XS132.3,,41.363,153.719
Hog Park Gorge,Hog Park Gorge_XS132.3,,45.903,154.003
Hog Park Gorge,Hog Park Gorge_XS132.3,,50.265,154.349
